reps,method,n,prob_optimal,prob_optimal_std,prob_feasible,prob_feasible_std,mean_approx_ratio,mean_approx_ratio_std,runtime_s,runtime_s_std,two_qubit_gates,two_qubit_gates_std,random_prob_optimal,random_prob_optimal_std,random_mean_ratio,random_mean_ratio_std
1,QAOA ideal,4,0.0899658203125,0.06263063606438667,0.69952392578125,0.08188914296978701,0.4588227307762737,0.06535896039015063,0.43941939999058377,0.16655666112956563,23,13.152946437965905,0.020751953125,0.024718560103544247,0.07811026355780944,0.055582783221404516
2,QAOA ideal,4,0.1241455078125,0.08609973159752635,0.970458984375,0.008522221521341338,0.6582716369096634,0.04580995713440087,1.0606150499952491,0.36888365871947837,46,26.30589287593181,0.020751953125,0.024718560103544247,0.07811026355780944,0.055582783221404516
3,QAOA ideal,4,0.1326904296875,0.09613755941006,0.98345947265625,0.006329731207559914,0.667629545298869,0.046015775230407376,1.8830347250041086,0.6791834844947092,69,39.45883931389772,0.020751953125,0.024718560103544247,0.07811026355780944,0.055582783221404516
4,QAOA ideal,4,0.14483642578125,0.11327972082224048,0.984130859375,0.009754938000003441,0.6911033680040493,0.06161891056905189,2.898545974996523,1.00427091155113,92,52.61178575186362,0.020751953125,0.024718560103544247,0.07811026355780944,0.055582783221404516
5,QAOA ideal,4,0.1787109375,0.15941158323596424,0.990478515625,0.005024198151185712,0.7398754852356979,0.10140973721386858,4.163020149993827,1.5129962232280205,115,65.76473218982953,0.020751953125,0.024718560103544247,0.07811026355780944,0.055582783221404516
1,QAOA noisy x1,4,0.07647705078125,0.06016602251015357,0.57464599609375,0.08956207819810717,0.37782490627191806,0.07000918701127669,0.47944112498225877,0.19634138767513168,23,13.152946437965905,0.020751953125,0.024718560103544247,0.07811026355780944,0.055582783221404516
2,QAOA noisy x1,4,0.0948486328125,0.07737881029573605,0.67779541015625,0.11095222791774585,0.46289582937077894,0.09621567723852419,1.1188246000019717,0.4212440837889922,46,26.30589287593181,0.020751953125,0.024718560103544247,0.07811026355780944,0.055582783221404516
3,QAOA noisy x1,4,0.0919189453125,0.08220699195199264,0.613037109375,0.14186891769613708,0.41806254065119375,0.11270498937886113,1.9628257250005845,0.7620015663496399,69,39.45883931389772,0.020751953125,0.024718560103544247,0.07811026355780944,0.055582783221404516
4,QAOA noisy x1,4,0.09429931640625,0.09198893077617303,0.56298828125,0.15521411842300561,0.39847137584885184,0.13385266180971891,2.9947282499997527,1.1064882825289963,92,52.61178575186362,0.020751953125,0.024718560103544247,0.07811026355780944,0.055582783221404516
5,QAOA noisy x1,4,0.10894775390625,0.1210392706360859,0.515869140625,0.1616713339174499,0.3920178160823495,0.16798790503012057,4.2762491749817855,1.6393699416641174,115,65.76473218982953,0.020751953125,0.024718560103544247,0.07811026355780944,0.055582783221404516
