instance,method,n,prob_optimal,prob_optimal_std,prob_feasible,prob_feasible_std,mean_approx_ratio,mean_approx_ratio_std,runtime_s,runtime_s_std,two_qubit_gates,two_qubit_gates_std,random_prob_optimal,random_prob_optimal_std,random_mean_ratio,random_mean_ratio_std
Concert Venue,Classical CP SAT,1,1.0,0.0,1.0,0.0,1.0,0.0,0.01896919999853708,0.0,,,,,,
Exhibition Centre,Classical CP SAT,1,1.0,0.0,1.0,0.0,0.9999999999999998,0.0,0.016202099999645725,0.0,,,,,,
Micro Hall,Classical CP SAT,1,1.0,0.0,1.0,0.0,1.0,0.0,0.015461600007256493,0.0,,,,,,
Small Event Hall,Classical CP SAT,1,1.0,0.0,1.0,0.0,1.0,0.0,0.022372899984475225,0.0,,,,,,
Concert Venue,Classical exact,1,1.0,0.0,1.0,0.0,1.0,0.0,0.0002179000002797693,0.0,,,,,,
Exhibition Centre,Classical exact,1,1.0,0.0,1.0,0.0,0.9999999999999998,0.0,0.00024819999816827476,0.0,,,,,,
Micro Hall,Classical exact,1,1.0,0.0,1.0,0.0,1.0,0.0,9.460002183914185e-05,0.0,,,,,,
Small Event Hall,Classical exact,1,1.0,0.0,1.0,0.0,1.0,0.0,0.00018580001778900623,0.0,,,,,,
Concert Venue,Naive (nearest exit),1,0.0,0.0,1.0,0.0,0.34528768588191605,0.0,7.599999662488699e-06,0.0,,,,,,
Exhibition Centre,Naive (nearest exit),1,0.0,0.0,1.0,0.0,0.918316710527192,0.0,6.100017344579101e-06,0.0,,,,,,
Micro Hall,Naive (nearest exit),1,0.0,0.0,1.0,0.0,0.6489063148000889,0.0,5.2000104915350676e-06,0.0,,,,,,
Small Event Hall,Naive (nearest exit),1,0.0,0.0,1.0,0.0,0.6264383792060668,0.0,1.2200005585327744e-05,0.0,,,,,,
Concert Venue,QAOA FakeTorino,1,0.042724609375,0.0,0.598876953125,0.0,0.38438715450572336,0.0,5.665269500022987,0.0,89,0.0,0.00390625,0.0,0.03895382384651973,0.0
Exhibition Centre,QAOA FakeTorino,1,0.014892578125,0.0,0.44873046875,0.0,0.2908249377419756,0.0,6.613859700009925,0.0,205,0.0,0.0009765625,0.0,0.019459109592565905,0.0
Micro Hall,QAOA FakeTorino,1,0.229248046875,0.0,0.861328125,0.0,0.583088664260896,0.0,4.952833400020609,0.0,25,0.0,0.0625,0.0,0.16307952753456678,0.0
Small Event Hall,QAOA FakeTorino,1,0.093994140625,0.0,0.711669921875,0.0,0.5312844840291423,0.0,5.567104999994626,0.0,78,0.0,0.015625,0.0,0.09094859325758534,0.0
Concert Venue,QAOA ideal,1,0.068359375,0.0,0.980712890625,0.0,0.6264287441371214,0.0,1.0635891000274569,0.0,44,0.0,0.00390625,0.0,0.03895382384651973,0.0
Exhibition Centre,QAOA ideal,1,0.034423828125,0.0,0.962158203125,0.0,0.6137626737006616,0.0,1.6824598000384867,0.0,88,0.0,0.0009765625,0.0,0.019459109592565905,0.0
Micro Hall,QAOA ideal,1,0.259765625,0.0,0.9619140625,0.0,0.6612027914677299,0.0,0.5402296000102069,0.0,16,0.0,0.0625,0.0,0.16307952753456678,0.0
Small Event Hall,QAOA ideal,1,0.134033203125,0.0,0.97705078125,0.0,0.7316923383331408,0.0,0.8837274999823421,0.0,36,0.0,0.015625,0.0,0.09094859325758534,0.0
Concert Venue,QAOA noisy x1,1,0.049072265625,0.0,0.6611328125,0.0,0.42389094260470794,0.0,1.1015813000267372,0.0,44,0.0,0.00390625,0.0,0.03895382384651973,0.0
Exhibition Centre,QAOA noisy x1,1,0.017333984375,0.0,0.51220703125,0.0,0.3235834915731027,0.0,1.8345957000274211,0.0,88,0.0,0.0009765625,0.0,0.019459109592565905,0.0
Micro Hall,QAOA noisy x1,1,0.220703125,0.0,0.818603515625,0.0,0.5621043482075573,0.0,0.5569957000261638,0.0,16,0.0,0.0625,0.0,0.16307952753456678,0.0
Small Event Hall,QAOA noisy x1,1,0.09228515625,0.0,0.71923828125,0.0,0.5420045350977478,0.0,0.9129633999837097,0.0,36,0.0,0.015625,0.0,0.09094859325758534,0.0
