id,experiment_id,instance,num_qubits,method,solver,noise_model,noise_level,reps,shots,prob_optimal,prob_feasible,mean_approx_ratio,best_is_optimal,random_prob_optimal,random_mean_ratio,energy,optimal_energy,two_qubit_gates,depth,runtime_s,created_at
53,5,Synthetic 4q #4000,4,Classical exact,classical_exact,,,,,1.0,1.0,1.0,1,,,1.135138233595999,1.135138233595999,,,0.00016039999900385737,2026-10-02T10:04:14+00:00
54,5,Synthetic 4q #4000,4,Classical CP SAT,classical_cpsat,,,,,1.0,1.0,1.0,1,,,1.135138233595999,1.135138233595999,,,0.014678800012916327,2026-10-02T10:04:14+00:00
55,5,Synthetic 4q #4000,4,QAOA ideal,qaoa_ideal,ideal,0.0,2,4096,0.261962890625,0.971923828125,0.6245824362464856,1,0.0625,0.1527604399368564,1.135138233595999,1.135138233595999,16,28,1.0606911999930162,2026-10-02T10:04:15+00:00
56,5,Synthetic 4q #4000,4,QAOA noisy x1,qaoa_noisy,depolarizing x1,1.0,2,4096,0.220703125,0.824951171875,0.5279387616569696,1,0.0625,0.1527604399368564,1.135138233595999,1.135138233595999,16,28,0.5893810999987181,2026-10-02T10:04:15+00:00
57,5,Synthetic 4q #4001,4,Classical exact,classical_exact,,,,,1.0,1.0,1.0,1,,,1.1880868202966735,1.1880868202966735,,,0.00011310001718811691,2026-10-02T10:04:15+00:00
58,5,Synthetic 4q #4001,4,Classical CP SAT,classical_cpsat,,,,,1.0,1.0,1.0,1,,,1.1880868202966735,1.1880868202966735,,,0.023465000005671754,2026-10-02T10:04:15+00:00
59,5,Synthetic 4q #4001,4,QAOA ideal,qaoa_ideal,ideal,0.0,2,4096,0.259521484375,0.971435546875,0.5915909879067203,1,0.0625,0.1439956182542702,1.1880868202966735,1.1880868202966735,16,28,0.5375344000058249,2026-10-02T10:04:16+00:00
60,5,Synthetic 4q #4001,4,QAOA noisy x1,qaoa_noisy,depolarizing x1,1.0,2,4096,0.219970703125,0.824462890625,0.4990800552236901,1,0.0625,0.1439956182542702,1.1880868202966735,1.1880868202966735,16,28,0.5512614000181202,2026-10-02T10:04:16+00:00
61,5,Synthetic 4q #4002,4,Classical exact,classical_exact,,,,,1.0,1.0,1.0,1,,,1.1225713884411053,1.1225713884411053,,,9.690001024864614e-05,2026-10-02T10:04:16+00:00
62,5,Synthetic 4q #4002,4,Classical CP SAT,classical_cpsat,,,,,1.0,1.0,1.0,1,,,1.1225713884411053,1.1225713884411053,,,0.009972900006687269,2026-10-02T10:04:16+00:00
63,5,Synthetic 4q #4002,4,QAOA ideal,qaoa_ideal,ideal,0.0,2,4096,0.383544921875,0.830810546875,0.7112188823289222,1,0.0625,0.12140796229972331,1.1225713884411053,1.1225713884411053,16,28,0.46813739999197423,2026-10-02T10:04:16+00:00
64,5,Synthetic 4q #4002,4,QAOA noisy x1,qaoa_noisy,depolarizing x1,1.0,2,4096,0.30712890625,0.693603515625,0.5759494438505057,1,0.0625,0.12140796229972331,1.1225713884411053,1.1225713884411053,16,28,0.4838038999878336,2026-10-02T10:04:16+00:00
65,5,Synthetic 4q #4003,4,Classical exact,classical_exact,,,,,1.0,1.0,1.0,1,,,1.1659272157306626,1.1659272157306626,,,0.00010519998613744974,2026-10-02T10:04:16+00:00
66,5,Synthetic 4q #4003,4,Classical CP SAT,classical_cpsat,,,,,1.0,1.0,1.0,1,,,1.1659272157306626,1.1659272157306626,,,0.020693099999334663,2026-10-02T10:04:16+00:00
67,5,Synthetic 4q #4003,4,QAOA ideal,qaoa_ideal,ideal,0.0,2,4096,0.255859375,0.982666015625,0.4746044045870602,1,0.0625,0.11552392685193727,1.1659272157306626,1.1659272157306626,16,28,0.5780617999844253,2026-10-02T10:04:17+00:00
68,5,Synthetic 4q #4003,4,QAOA noisy x1,qaoa_noisy,depolarizing x1,1.0,2,4096,0.218017578125,0.82958984375,0.4010827092644962,1,0.0625,0.11552392685193727,1.1659272157306626,1.1659272157306626,16,28,0.5943660999764688,2026-10-02T10:04:17+00:00
69,5,Synthetic 4q #4004,4,Classical exact,classical_exact,,,,,1.0,1.0,1.0,1,,,1.2770178170347153,1.2770178170347153,,,9.079999290406704e-05,2026-10-02T10:04:17+00:00
70,5,Synthetic 4q #4004,4,Classical CP SAT,classical_cpsat,,,,,1.0,1.0,1.0,1,,,1.2770178170347153,1.2770178170347153,,,0.01329729999997653,2026-10-02T10:04:17+00:00
71,5,Synthetic 4q #4004,4,QAOA ideal,qaoa_ideal,ideal,0.0,2,4096,0.258544921875,0.9755859375,0.5991191842415009,1,0.0625,0.14667479860955163,1.2770178170347153,1.2770178170347153,16,28,0.5935657000227366,2026-10-02T10:04:18+00:00
72,5,Synthetic 4q #4004,4,QAOA noisy x1,qaoa_noisy,depolarizing x1,1.0,2,4096,0.218994140625,0.827392578125,0.5069238225190993,1,0.0625,0.14667479860955163,1.2770178170347153,1.2770178170347153,16,28,0.6158175000164192,2026-10-02T10:04:18+00:00
73,5,Synthetic 6q #6000,6,Classical exact,classical_exact,,,,,1.0,1.0,1.0,1,,,1.1597745254192073,1.1597745254192082,,,0.00011530000483617187,2026-10-02T10:04:18+00:00
74,5,Synthetic 6q #6000,6,Classical CP SAT,classical_cpsat,,,,,1.0,1.0,1.0,1,,,1.1597745254192073,1.1597745254192082,,,0.015030400012619793,2026-10-02T10:04:18+00:00
75,5,Synthetic 6q #6000,6,QAOA ideal,qaoa_ideal,ideal,0.0,2,4096,0.1240234375,0.973876953125,0.6213824585313458,1,0.015625,0.07862999350622618,1.1597745254192073,1.1597745254192082,28,40,0.7905895999865606,2026-10-02T10:04:19+00:00
76,5,Synthetic 6q #6000,6,QAOA noisy x1,qaoa_noisy,depolarizing x1,1.0,2,4096,0.100830078125,0.7431640625,0.4790296264843048,1,0.015625,0.07862999350622618,1.1597745254192073,1.1597745254192082,28,40,0.8170840000093449,2026-10-02T10:04:19+00:00
77,5,Synthetic 6q #6001,6,Classical exact,classical_exact,,,,,1.0,1.0,1.0,1,,,1.8989588956025643,1.8989588956025667,,,0.00013449997641146183,2026-10-02T10:04:19+00:00
78,5,Synthetic 6q #6001,6,Classical CP SAT,classical_cpsat,,,,,1.0,1.0,1.0,1,,,1.8989588956025643,1.8989588956025667,,,0.0112809999845922,2026-10-02T10:04:19+00:00
79,5,Synthetic 6q #6001,6,QAOA ideal,qaoa_ideal,ideal,0.0,2,4096,0.134765625,0.990966796875,0.6456026751202397,1,0.015625,0.07956250183938436,1.8989588956025643,1.8989588956025667,36,40,0.9076955000055023,2026-10-02T10:04:20+00:00
80,5,Synthetic 6q #6001,6,QAOA noisy x1,qaoa_noisy,depolarizing x1,1.0,2,4096,0.093017578125,0.725830078125,0.4711145401998991,1,0.015625,0.07956250183938436,1.8989588956025643,1.8989588956025667,36,40,0.9359812999900896,2026-10-02T10:04:20+00:00
81,5,Synthetic 6q #6002,6,Classical exact,classical_exact,,,,,1.0,1.0,1.0,1,,,1.186904894459187,1.186904894459187,,,0.00011580000864341855,2026-10-02T10:04:20+00:00
82,5,Synthetic 6q #6002,6,Classical CP SAT,classical_cpsat,,,,,1.0,1.0,1.0,1,,,1.186904894459187,1.186904894459187,,,0.022411400015698746,2026-10-02T10:04:20+00:00
83,5,Synthetic 6q #6002,6,QAOA ideal,qaoa_ideal,ideal,0.0,2,4096,0.129638671875,0.963623046875,0.4985317446973118,1,0.015625,0.06255526269548375,1.186904894459187,1.186904894459187,24,28,0.888706199999433,2026-10-02T10:04:21+00:00
84,5,Synthetic 6q #6002,6,QAOA noisy x1,qaoa_noisy,depolarizing x1,1.0,2,4096,0.104248046875,0.75390625,0.3937329049094287,1,0.015625,0.06255526269548375,1.186904894459187,1.186904894459187,24,28,0.9133169999986421,2026-10-02T10:04:21+00:00
85,5,Synthetic 6q #6003,6,Classical exact,classical_exact,,,,,1.0,1.0,0.9999999999999997,1,,,1.917983763838564,1.9179837638385635,,,0.00011470000026747584,2026-10-02T10:04:21+00:00
86,5,Synthetic 6q #6003,6,Classical CP SAT,classical_cpsat,,,,,1.0,1.0,0.9999999999999997,1,,,1.917983763838564,1.9179837638385635,,,0.017360300000291318,2026-10-02T10:04:21+00:00
87,5,Synthetic 6q #6003,6,QAOA ideal,qaoa_ideal,ideal,0.0,2,4096,0.129638671875,0.98291015625,0.6381162229697657,1,0.015625,0.0791011166873213,1.917983763838564,1.9179837638385635,36,40,0.8618235000176355,2026-10-02T10:04:22+00:00
88,5,Synthetic 6q #6003,6,QAOA noisy x1,qaoa_noisy,depolarizing x1,1.0,2,4096,0.093017578125,0.718994140625,0.4613703127704358,1,0.015625,0.0791011166873213,1.917983763838564,1.9179837638385635,36,40,0.8885605000250507,2026-10-02T10:04:22+00:00
89,5,Synthetic 6q #6004,6,Classical exact,classical_exact,,,,,1.0,1.0,1.0,1,,,1.0667064799888664,1.0667064799888664,,,0.00013010000111535192,2026-10-02T10:04:22+00:00
90,5,Synthetic 6q #6004,6,Classical CP SAT,classical_cpsat,,,,,1.0,1.0,1.0,1,,,1.0667064799888664,1.0667064799888664,,,0.017227600008482113,2026-10-02T10:04:22+00:00
91,5,Synthetic 6q #6004,6,QAOA ideal,qaoa_ideal,ideal,0.0,2,4096,0.133056640625,0.949951171875,0.5226232072402804,1,0.015625,0.06601229452855377,1.0667064799888664,1.0667064799888664,24,28,0.7852234000165481,2026-10-02T10:04:23+00:00
92,5,Synthetic 6q #6004,6,QAOA noisy x1,qaoa_noisy,depolarizing x1,1.0,2,4096,0.1005859375,0.743896484375,0.4079953837599298,1,0.015625,0.06601229452855377,1.0667064799888664,1.0667064799888664,24,28,0.8110794000094756,2026-10-02T10:04:23+00:00
93,5,Synthetic 8q #8000,8,Classical exact,classical_exact,,,,,1.0,1.0,0.9999999999999988,1,,,1.2235175982689253,1.2235175982689235,,,0.0001847999810706824,2026-10-02T10:04:23+00:00
94,5,Synthetic 8q #8000,8,Classical CP SAT,classical_cpsat,,,,,1.0,1.0,0.9999999999999988,1,,,1.2235175982689253,1.2235175982689235,,,0.024415899999439716,2026-10-02T10:04:23+00:00
95,5,Synthetic 8q #8000,8,QAOA ideal,qaoa_ideal,ideal,0.0,2,4096,0.064697265625,0.99169921875,0.5904356944432543,1,0.00390625,0.03683559812423472,1.2235175982689253,1.2235175982689235,48,49,1.0982316000154242,2026-10-02T10:04:24+00:00
96,5,Synthetic 8q #8000,8,QAOA noisy x1,qaoa_noisy,depolarizing x1,1.0,2,4096,0.043212890625,0.65771484375,0.39608519966946787,1,0.00390625,0.03683559812423472,1.2235175982689253,1.2235175982689235,48,49,1.1345608000119682,2026-10-02T10:04:24+00:00
97,5,Synthetic 8q #8001,8,Classical exact,classical_exact,,,,,1.0,1.0,1.0,1,,,1.4504055123706532,1.4504055123706534,,,0.00016569998115301132,2026-10-02T10:04:24+00:00
98,5,Synthetic 8q #8001,8,Classical CP SAT,classical_cpsat,,,,,1.0,1.0,1.0,1,,,1.4504055123706532,1.4504055123706534,,,0.02128049999009818,2026-10-02T10:04:24+00:00
99,5,Synthetic 8q #8001,8,QAOA ideal,qaoa_ideal,ideal,0.0,2,4096,0.064453125,0.980224609375,0.7139945540656195,1,0.00390625,0.04481269736385467,1.4504055123706532,1.4504055123706534,48,49,1.0860435999929905,2026-10-02T10:04:25+00:00
100,5,Synthetic 8q #8001,8,QAOA noisy x1,qaoa_noisy,depolarizing x1,1.0,2,4096,0.03759765625,0.647705078125,0.46920610275026153,1,0.00390625,0.04481269736385467,1.4504055123706532,1.4504055123706534,48,49,1.1207914999686182,2026-10-02T10:04:25+00:00
101,5,Synthetic 8q #8002,8,Classical exact,classical_exact,,,,,1.0,1.0,1.0,1,,,1.218392376919925,1.218392376919926,,,0.00016529997810721397,2026-10-02T10:04:25+00:00
102,5,Synthetic 8q #8002,8,Classical CP SAT,classical_cpsat,,,,,1.0,1.0,1.0,1,,,1.218392376919925,1.218392376919926,,,0.011960699979681522,2026-10-02T10:04:25+00:00
103,5,Synthetic 8q #8002,8,QAOA ideal,qaoa_ideal,ideal,0.0,2,4096,0.05810546875,0.987548828125,0.5801507409125288,1,0.00390625,0.03641919361446675,1.218392376919925,1.218392376919926,44,40,1.0709091000026092,2026-10-02T10:04:26+00:00
104,5,Synthetic 8q #8002,8,QAOA noisy x1,qaoa_noisy,depolarizing x1,1.0,2,4096,0.041259765625,0.664794921875,0.3968173293267695,1,0.00390625,0.03641919361446675,1.218392376919925,1.218392376919926,44,40,1.109119600005215,2026-10-02T10:04:26+00:00
105,5,Synthetic 8q #8003,8,Classical exact,classical_exact,,,,,1.0,1.0,1.0,1,,,1.2285526467435948,1.228552646743596,,,0.0001674999948590994,2026-10-02T10:04:26+00:00
106,5,Synthetic 8q #8003,8,Classical CP SAT,classical_cpsat,,,,,1.0,1.0,1.0,1,,,1.2285526467435948,1.228552646743596,,,0.013543000008212402,2026-10-02T10:04:26+00:00
107,5,Synthetic 8q #8003,8,QAOA ideal,qaoa_ideal,ideal,0.0,2,4096,0.0654296875,0.982666015625,0.5826022029082721,1,0.00390625,0.03652518542559807,1.2285526467435948,1.228552646743596,44,40,1.1055340000020806,2026-10-02T10:04:27+00:00
108,5,Synthetic 8q #8003,8,QAOA noisy x1,qaoa_noisy,depolarizing x1,1.0,2,4096,0.041015625,0.665283203125,0.39305796885275374,1,0.00390625,0.03652518542559807,1.2285526467435948,1.228552646743596,44,40,1.1411117000097875,2026-10-02T10:04:28+00:00
109,5,Synthetic 8q #8004,8,Classical exact,classical_exact,,,,,1.0,1.0,1.0,1,,,1.3487022622252967,1.3487022622252987,,,0.00014600000577047467,2026-10-02T10:04:28+00:00
110,5,Synthetic 8q #8004,8,Classical CP SAT,classical_cpsat,,,,,1.0,1.0,1.0,1,,,1.3487022622252967,1.3487022622252987,,,0.026436000014655292,2026-10-02T10:04:28+00:00
111,5,Synthetic 8q #8004,8,QAOA ideal,qaoa_ideal,ideal,0.0,2,4096,0.066162109375,0.993408203125,0.7223775477495973,1,0.00390625,0.045210808828120334,1.3487022622252967,1.3487022622252987,48,49,1.1500483000127133,2026-10-02T10:04:29+00:00
112,5,Synthetic 8q #8004,8,QAOA noisy x1,qaoa_noisy,depolarizing x1,1.0,2,4096,0.04248046875,0.657470703125,0.4847015709639583,1,0.00390625,0.045210808828120334,1.3487022622252967,1.3487022622252987,48,49,1.184398900019005,2026-10-02T10:04:29+00:00
113,5,Synthetic 10q #10000,10,Classical exact,classical_exact,,,,,1.0,1.0,1.0,1,,,1.3308034006931813,1.3308034006931813,,,0.00023750000400468707,2026-10-02T10:04:29+00:00
114,5,Synthetic 10q #10000,10,Classical CP SAT,classical_cpsat,,,,,1.0,1.0,1.0,1,,,1.3308034006931813,1.3308034006931813,,,0.021972699993057176,2026-10-02T10:04:29+00:00
115,5,Synthetic 10q #10000,10,QAOA ideal,qaoa_ideal,ideal,0.0,2,4096,0.032470703125,0.982177734375,0.5692095005522715,1,0.0009765625,0.017735544330747706,1.3308034006931813,1.3308034006931813,56,49,1.4155210000171792,2026-10-02T10:04:30+00:00
116,5,Synthetic 10q #10000,10,QAOA noisy x1,qaoa_noisy,depolarizing x1,1.0,2,4096,0.01806640625,0.596435546875,0.3385569625887863,1,0.0009765625,0.017735544330747706,1.3308034006931813,1.3308034006931813,56,49,1.5389810999913607,2026-10-02T10:04:30+00:00
117,5,Synthetic 10q #10001,10,Classical exact,classical_exact,,,,,1.0,1.0,1.0,1,,,1.6717806275289169,1.6717806275289178,,,0.0002201999886892736,2026-10-02T10:04:31+00:00
118,5,Synthetic 10q #10001,10,Classical CP SAT,classical_cpsat,,,,,1.0,1.0,1.0,1,,,1.6717806275289169,1.6717806275289178,,,0.022914900007890537,2026-10-02T10:04:31+00:00
119,5,Synthetic 10q #10001,10,QAOA ideal,qaoa_ideal,ideal,0.0,2,4096,0.0361328125,0.989013671875,0.6637247760544358,1,0.0009765625,0.020588273787788994,1.6717806275289169,1.6717806275289178,76,58,1.5872304000076838,2026-10-02T10:04:32+00:00
120,5,Synthetic 10q #10001,10,QAOA noisy x1,qaoa_noisy,depolarizing x1,1.0,2,4096,0.0205078125,0.5546875,0.3737347931715892,1,0.0009765625,0.020588273787788994,1.6717806275289169,1.6717806275289178,76,58,1.7456538999977056,2026-10-02T10:04:32+00:00
121,5,Synthetic 10q #10002,10,Classical exact,classical_exact,,,,,1.0,1.0,1.0,1,,,1.480992082210323,1.4809920822103244,,,0.00027060002321377397,2026-10-02T10:04:32+00:00
122,5,Synthetic 10q #10002,10,Classical CP SAT,classical_cpsat,,,,,1.0,1.0,1.0,1,,,1.480992082210323,1.4809920822103244,,,0.025065099995117635,2026-10-02T10:04:32+00:00
123,5,Synthetic 10q #10002,10,QAOA ideal,qaoa_ideal,ideal,0.0,2,4096,0.031005859375,0.9873046875,0.6630461260890859,1,0.0009765625,0.020905243676625614,1.480992082210323,1.4809920822103244,72,58,1.5543904000078328,2026-10-02T10:04:34+00:00
124,5,Synthetic 10q #10002,10,QAOA noisy x1,qaoa_noisy,depolarizing x1,1.0,2,4096,0.01806640625,0.560302734375,0.3762102471637254,1,0.0009765625,0.020905243676625614,1.480992082210323,1.4809920822103244,72,58,1.694903499999782,2026-10-02T10:04:34+00:00
125,5,Synthetic 10q #10003,10,Classical exact,classical_exact,,,,,1.0,1.0,1.0,1,,,1.2445500707276513,1.2445500707276516,,,0.00022539999918080866,2026-10-02T10:04:34+00:00
126,5,Synthetic 10q #10003,10,Classical CP SAT,classical_cpsat,,,,,1.0,1.0,1.0,1,,,1.2445500707276513,1.2445500707276516,,,0.017153699998743832,2026-10-02T10:04:34+00:00
127,5,Synthetic 10q #10003,10,QAOA ideal,qaoa_ideal,ideal,0.0,2,4096,0.030029296875,0.984375,0.417475725427267,1,0.0009765625,0.013236917101143516,1.2445500707276513,1.2445500707276516,56,40,1.3723560999787878,2026-10-02T10:04:36+00:00
128,5,Synthetic 10q #10003,10,QAOA noisy x1,qaoa_noisy,depolarizing x1,1.0,2,4096,0.017822265625,0.60107421875,0.2602624892799587,1,0.0009765625,0.013236917101143516,1.2445500707276513,1.2445500707276516,56,40,1.4903084999823477,2026-10-02T10:04:36+00:00
129,5,Synthetic 10q #10004,10,Classical exact,classical_exact,,,,,1.0,1.0,1.0,1,,,1.1341712290357198,1.1341712290357204,,,0.00022299998090602458,2026-10-02T10:04:36+00:00
130,5,Synthetic 10q #10004,10,Classical CP SAT,classical_cpsat,,,,,1.0,1.0,1.0,1,,,1.1341712290357198,1.1341712290357204,,,0.027972299983957782,2026-10-02T10:04:36+00:00
131,5,Synthetic 10q #10004,10,QAOA ideal,qaoa_ideal,ideal,0.0,2,4096,0.03125,0.976806640625,0.5831792179645467,1,0.0009765625,0.018286793031075103,1.1341712290357198,1.1341712290357204,60,49,1.3842625000106636,2026-10-02T10:04:37+00:00
132,5,Synthetic 10q #10004,10,QAOA noisy x1,qaoa_noisy,depolarizing x1,1.0,2,4096,0.018798828125,0.5849609375,0.3532106829744878,1,0.0009765625,0.018286793031075103,1.1341712290357198,1.1341712290357204,60,49,1.5209857000154443,2026-10-02T10:04:37+00:00
133,5,Synthetic 12q #12000,12,Classical exact,classical_exact,,,,,1.0,1.0,0.9999999999999982,1,,,1.314305987931515,1.3143059879315118,,,0.00037819999852217734,2026-10-02T10:04:37+00:00
134,5,Synthetic 12q #12000,12,Classical CP SAT,classical_cpsat,,,,,1.0,1.0,0.9999999999999982,1,,,1.314305987931515,1.3143059879315118,,,0.025801900017540902,2026-10-02T10:04:37+00:00
135,5,Synthetic 12q #12000,12,QAOA ideal,qaoa_ideal,ideal,0.0,2,4096,0.01611328125,0.984130859375,0.7444673199434997,1,0.000244140625,0.011739266179307019,1.314305987931515,1.3143059879315118,100,67,2.434305700007826,2026-10-02T10:04:40+00:00
136,5,Synthetic 12q #12000,12,QAOA noisy x1,qaoa_noisy,depolarizing x1,1.0,2,4096,0.00732421875,0.452392578125,0.34031810353236175,1,0.000244140625,0.011739266179307019,1.314305987931515,1.3143059879315118,100,67,8.606938599987188,2026-10-02T10:04:46+00:00
137,5,Synthetic 12q #12001,12,Classical exact,classical_exact,,,,,1.0,1.0,0.9999999999999994,1,,,1.3586767001832145,1.3586767001832136,,,0.00022990000434219837,2026-10-02T10:04:46+00:00
138,5,Synthetic 12q #12001,12,Classical CP SAT,classical_cpsat,,,,,1.0,1.0,0.9999999999999994,1,,,1.3586767001832145,1.3586767001832136,,,0.028289100009715185,2026-10-02T10:04:46+00:00
139,5,Synthetic 12q #12001,12,QAOA ideal,qaoa_ideal,ideal,0.0,2,4096,0.0126953125,0.989990234375,0.7038154135713433,1,0.000244140625,0.011055386489472543,1.3586767001832145,1.3586767001832136,100,67,2.5034578000195324,2026-10-02T10:04:49+00:00
140,5,Synthetic 12q #12001,12,QAOA noisy x1,qaoa_noisy,depolarizing x1,1.0,2,4096,0.004638671875,0.460205078125,0.32844577573952827,1,0.000244140625,0.011055386489472543,1.3586767001832145,1.3586767001832136,100,67,8.453145300009055,2026-10-02T10:04:55+00:00
141,5,Synthetic 12q #12002,12,Classical exact,classical_exact,,,,,1.0,1.0,1.0,1,,,1.3267307864959528,1.326730786495954,,,0.00035280000884085894,2026-10-02T10:04:55+00:00
142,5,Synthetic 12q #12002,12,Classical CP SAT,classical_cpsat,,,,,1.0,1.0,1.0,1,,,1.3267307864959528,1.326730786495954,,,0.030144200020004064,2026-10-02T10:04:55+00:00
143,5,Synthetic 12q #12002,12,QAOA ideal,qaoa_ideal,ideal,0.0,2,4096,0.015380859375,0.985107421875,0.6385306720479877,1,0.000244140625,0.010045793178471487,1.3267307864959528,1.326730786495954,88,58,2.414172199991299,2026-10-02T10:04:57+00:00
144,5,Synthetic 12q #12002,12,QAOA noisy x1,qaoa_noisy,depolarizing x1,1.0,2,4096,0.007080078125,0.4921875,0.3185233818627416,1,0.000244140625,0.010045793178471487,1.3267307864959528,1.326730786495954,88,58,8.567581600014819,2026-10-02T10:05:03+00:00
145,5,Synthetic 12q #12003,12,Classical exact,classical_exact,,,,,1.0,1.0,1.0,1,,,1.3651069875906339,1.3651069875906359,,,0.0002683000057004392,2026-10-02T10:05:03+00:00
146,5,Synthetic 12q #12003,12,Classical CP SAT,classical_cpsat,,,,,1.0,1.0,1.0,1,,,1.3651069875906339,1.3651069875906359,,,0.02345979999518022,2026-10-02T10:05:04+00:00
147,5,Synthetic 12q #12003,12,QAOA ideal,qaoa_ideal,ideal,0.0,2,4096,0.01611328125,0.98681640625,0.7300610188268245,1,0.000244140625,0.011547422508658513,1.3651069875906339,1.3651069875906359,100,67,2.507849999994505,2026-10-02T10:05:06+00:00
148,5,Synthetic 12q #12003,12,QAOA noisy x1,qaoa_noisy,depolarizing x1,1.0,2,4096,0.00732421875,0.460205078125,0.34077050546228815,1,0.000244140625,0.011547422508658513,1.3651069875906339,1.3651069875906359,100,67,8.590723200002685,2026-10-02T10:05:12+00:00
149,5,Synthetic 12q #12004,12,Classical exact,classical_exact,,,,,1.0,1.0,1.0,1,,,1.4481735082498985,1.4481735082499014,,,0.0003425000177230686,2026-10-02T10:05:12+00:00
150,5,Synthetic 12q #12004,12,Classical CP SAT,classical_cpsat,,,,,1.0,1.0,1.0,1,,,1.4481735082498985,1.4481735082499014,,,0.020791599992662668,2026-10-02T10:05:12+00:00
151,5,Synthetic 12q #12004,12,QAOA ideal,qaoa_ideal,ideal,0.0,2,4096,0.015380859375,0.988037109375,0.7176648761270233,1,0.000244140625,0.01131124304351248,1.4481735082498985,1.4481735082499014,108,67,2.5405146999983117,2026-10-02T10:05:15+00:00
152,5,Synthetic 12q #12004,12,QAOA noisy x1,qaoa_noisy,depolarizing x1,1.0,2,4096,0.007080078125,0.426513671875,0.3114538412208363,1,0.000244140625,0.01131124304351248,1.4481735082498985,1.4481735082499014,108,67,8.740639599971473,2026-10-02T10:05:21+00:00
