num_qubits,method,n,prob_optimal,prob_optimal_std,prob_feasible,prob_feasible_std,mean_approx_ratio,mean_approx_ratio_std,runtime_s,runtime_s_std,two_qubit_gates,two_qubit_gates_std,random_prob_optimal,random_prob_optimal_std,random_mean_ratio,random_mean_ratio_std
4,Classical CP SAT,5,1.0,0.0,1.0,0.0,1.0,0.0,0.01642142000491731,0.004944482371514715,,,,,,
6,Classical CP SAT,5,1.0,0.0,1.0,0.0,0.9999999999999999,1.3322676295501878e-16,0.016662140004336835,0.003618850822765435,,,,,,
8,Classical CP SAT,5,1.0,0.0,1.0,0.0,0.9999999999999998,4.884981308350689e-16,0.019527219998417424,0.005792538964555899,,,,,,
10,Classical CP SAT,5,1.0,0.0,1.0,0.0,1.0,0.0,0.023015739995753393,0.0035841031625939413,,,,,,
12,Classical CP SAT,5,1.0,0.0,1.0,0.0,0.9999999999999996,6.89411847443645e-16,0.02569732000702061,0.0033339342247110377,,,,,,
4,Classical exact,5,1.0,0.0,1.0,0.0,1.0,0.0,0.00011328000109642745,2.473567507565842e-05,,,,,,
6,Classical exact,5,1.0,0.0,1.0,0.0,0.9999999999999999,1.3322676295501878e-16,0.000122079998254776,8.466962310815211e-06,,,,,,
8,Classical exact,5,1.0,0.0,1.0,0.0,0.9999999999999998,4.884981308350689e-16,0.00016585998819209635,1.2297732046548694e-05,,,,,,
10,Classical exact,5,1.0,0.0,1.0,0.0,1.0,0.0,0.00023533999919891357,1.8591581343986132e-05,,,,,,
12,Classical exact,5,1.0,0.0,1.0,0.0,0.9999999999999996,6.89411847443645e-16,0.0003143400070257485,5.585705368393123e-05,,,,,,
4,QAOA ideal,5,0.28388671875,0.049867454321313426,0.946484375,0.05797615600328287,0.6002231790621378,0.07585410942538223,0.6475980999995954,0.21105490633139873,16,0.0,0.0625,0.0,0.13607254919046777,0.014771353373238346
6,QAOA ideal,5,0.130224609375,0.0036819126018571985,0.972265625,0.014410171603915648,0.5852512617117887,0.06194353630675131,0.8468076400051359,0.05028197194907339,29.6,5.4258639865002145,0.015625,0.0,0.07317223385139388,0.007345190599604418
8,QAOA ideal,5,0.06376953125,0.0028944824873591663,0.987109375,0.005061194734316383,0.6379121480158544,0.06568488423479703,1.1021533200051636,0.026670066956352746,46.4,1.9595917942265424,0.00390625,0.0,0.03996069667125491,0.004128360709277154
10,QAOA ideal,5,0.032177734375,0.002125005385448139,0.983935546875,0.00427183310119129,0.5793270692175214,0.0899387737687927,1.4627520800044294,0.0899502708534385,64,8.390470785361213,0.0009765625,0.0,0.018150554385476185,0.002751923496438451
12,QAOA ideal,5,0.01513671875,0.0012638846782758578,0.98681640625,0.002083079004658354,0.7069078601033357,0.036735536604229645,2.480060080002295,0.04776854625182337,99.2,6.4,0.000244140625,0.0,0.011139822279884408,0.0005931079312731131
4,QAOA noisy x1,5,0.236962890625,0.03509468622224165,0.8,0.05322991277939457,0.5021949585029521,0.05719828534684812,0.566925999999512,0.046480603652602155,16,0.0,0.0625,0.0,0.13607254919046777,0.014771353373238346
6,QAOA noisy x1,5,0.09833984375,0.004534447955564023,0.737158203125,0.012808055572046098,0.44264855362479966,0.03486540402903335,0.8732044400065206,0.05058613362952719,29.6,5.4258639865002145,0.015625,0.0,0.07317223385139388,0.007345190599604418
8,QAOA noisy x1,5,0.04111328125,0.0019322616149813846,0.65859375,0.006384359034641076,0.4279736343126422,0.040310957689061594,1.1379965000029189,0.025708281204394636,46.4,1.9595917942265424,0.00390625,0.0,0.03996069667125491,0.004128360709277154
10,QAOA noisy x1,5,0.01865234375,0.0009838594570122014,0.5794921875,0.018795086376806602,0.3403950350357095,0.042386585434644485,1.5981665399973282,0.10217995493762909,64,8.390470785361213,0.0009765625,0.0,0.018150554385476185,0.002751923496438451
12,QAOA noisy x1,5,0.006689453125,0.001031187113376117,0.45830078125,0.020980417476315117,0.3279023215635512,0.011649499188259057,8.591805659997044,0.09186426921792588,99.2,6.4,0.000244140625,0.0,0.011139822279884408,0.0005931079312731131
